{"stats":{"minecraft:picked_up":{"minecraft:golden_carrot":64,"cataclysm:bone_reptile_helmet":1,"enigmaticlegacy:enigmatic_amulet":1,"cataclysm:ignitium_boots":1,"minecraft:dirt":24,"alexsmobs:animal_dictionary":1,"cataclysm:bone_reptile_chestplate":1,"ars_nouveau:worn_notebook":1,"minecraft:golden_apple":64,"cataclysm:the_incinerator":1,"cataclysm:ignitium_leggings":1,"minecraft:cobblestone":5},"minecraft:mined":{"alexscaves:tremorzilla_egg":2},"minecraft:used":{"alexscaves:magic_conch":1,"alexscaves:spawn_egg_brainiac":1,"minecraft:flint_and_steel":1,"alexscaves:sea_staff":32,"alexscaves:spawn_egg_tremorzilla":2,"alexscaves:spawn_egg_gammaroach":1,"iceandfire:dragon_horn":2,"alexscaves:nuclear_siren":3,"alexscaves:spawn_egg_raycat":1,"alexscaves:radgill":1,"alexscaves:tremorzilla_egg":1,"paraglider:goddess_statue":1,"rats:rat_baron_spawn_egg":1,"alexscaves:uranium_rod":1,"alexscaves:cave_book":3,"alexscaves:spawn_egg_nucleeper":3,"alexscaves:nuclear_bomb":1},"minecraft:custom":{"minecraft:time_since_rest":5468,"enigmaticlegacy:play_time_with_seven_curses":0,"minecraft:sprint_one_cm":17679,"minecraft:damage_taken":1816,"minecraft:walk_one_cm":373416,"minecraft:mob_kills":1,"minecraft:damage_dealt":204,"enigmaticlegacy:play_time_without_seven_curses":47048,"minecraft:fly_one_cm":1276380,"minecraft:crouch_one_cm":1306,"minecraft:play_time":47543,"minecraft:sneak_time":747,"minecraft:deaths":8,"minecraft:jump":95,"minecraft:time_since_death":5834,"minecraft:walk_on_water_one_cm":225,"minecraft:total_world_time":47543,"minecraft:damage_resisted":1210,"minecraft:fall_one_cm":569}},"DataVersion":3465}