{"stats":{"minecraft:custom":{"minecraft:time_since_rest":3721,"enigmaticlegacy:play_time_with_seven_curses":2384,"minecraft:play_time":3721,"minecraft:sprint_one_cm":2667,"minecraft:damage_taken":20,"minecraft:walk_one_cm":6949,"minecraft:sneak_time":5,"minecraft:drop":1,"minecraft:jump":38,"minecraft:damage_dealt":30,"minecraft:time_since_death":3721,"enigmaticlegacy:play_time_without_seven_curses":1337,"minecraft:total_world_time":3721,"minecraft:interact_with_crafting_table":1,"minecraft:fall_one_cm":730,"minecraft:fly_one_cm":5036},"minecraft:used":{"minecraft:crafting_table":1},"minecraft:mined":{"treechop:chopped_log":3},"minecraft:picked_up":{"minecraft:stick":2,"minecraft:acacia_log":10,"minecraft:acacia_sapling":2},"minecraft:dropped":{"minecraft:acacia_sapling":2},"minecraft:crafted":{"minecraft:acacia_planks":40,"minecraft:crafting_table":1,"minecraft:wooden_pickaxe":1}},"DataVersion":3465}