{"stats":{"minecraft:killed_by":{"champion:weak_ghost":2},"minecraft:custom":{"minecraft:time_since_rest":140,"enigmaticlegacy:play_time_with_seven_curses":0,"minecraft:crouch_one_cm":1527,"minecraft:damage_taken":825,"minecraft:play_time":12552,"minecraft:sprint_one_cm":9429,"minecraft:deaths":3,"tombstone:undead_killed":1,"minecraft:walk_one_cm":16249,"minecraft:sneak_time":462,"minecraft:mob_kills":1,"minecraft:drop":3,"minecraft:jump":201,"minecraft:damage_dealt":198,"minecraft:leave_game":2,"minecraft:time_since_death":2539,"enigmaticlegacy:play_time_without_seven_curses":12333,"minecraft:total_world_time":12552,"minecraft:fall_one_cm":5064,"minecraft:fly_one_cm":10282},"minecraft:killed":{"minecraft:zombie":1},"minecraft:dropped":{"regions_unexplored:pine_sapling":5},"minecraft:used":{"regions_unexplored:pine_sapling":1},"minecraft:picked_up":{"minecraft:stick":3,"minecraft:rotten_flesh":1,"regions_unexplored:pine_sapling":6,"regions_unexplored:pine_log":10},"minecraft:mined":{"minecraft:large_fern":2,"minecraft:grass":1,"treechop:chopped_log":1,"regions_unexplored:pine_log":1}},"DataVersion":3465}