{"stats":{"minecraft:killed_by":{"minecraft:skeleton":1,"minecraft:zombie":2},"minecraft:custom":{"minecraft:time_since_rest":1,"enigmaticlegacy:play_time_with_seven_curses":17717,"minecraft:sprint_one_cm":22294,"minecraft:damage_taken":1880,"minecraft:walk_one_cm":31788,"minecraft:damage_blocked_by_shield":240,"minecraft:trigger_trapped_chest":1,"minecraft:mob_kills":3,"minecraft:drop":6,"minecraft:damage_dealt":692,"enigmaticlegacy:play_time_without_seven_curses":1337,"minecraft:interact_with_crafting_table":4,"minecraft:fly_one_cm":50525,"minecraft:crouch_one_cm":2218,"tombstone:undead_killed":2,"minecraft:play_time":19236,"minecraft:deaths":4,"minecraft:sneak_time":1124,"minecraft:jump":225,"minecraft:leave_game":1,"minecraft:time_since_death":352,"minecraft:total_world_time":19236,"minecraft:fall_one_cm":9357},"minecraft:used":{"minecraft:stone_sword":36,"spartanshields:stone_basic_shield":4,"minecraft:stone_pickaxe":23,"minecraft:wooden_pickaxe":38,"minecraft:rotten_flesh":3,"minecraft:stone_axe":10,"minecraft:torch":3,"minecraft:cobblestone":3,"minecraft:terracotta":1,"minecraft:crafting_table":1,"minecraft:acacia_planks":3},"minecraft:mined":{"minecraft:cut_sandstone":11,"minecraft:orange_terracotta":1,"treechop:chopped_log":4,"minecraft:crafting_table":1,"minecraft:coal_ore":20,"minecraft:terracotta":1,"minecraft:acacia_planks":2,"minecraft:stone":17,"minecraft:sandstone":11},"minecraft:picked_up":{"ars_nouveau:caster_tome":1,"minecraft:golden_helmet":1,"minecraft:stick":2,"minecraft:crafting_table":1,"minecraft:sandstone":11,"regions_unexplored:eucalyptus_log":2,"minecraft:cut_sandstone":47,"minecraft:acacia_log":14,"minecraft:sand":4,"minecraft:gunpowder":1,"ars_nouveau:music_disc_thistle_the_sound_of_glass":1,"minecraft:golden_chestplate":1,"minecraft:bone":8,"minecraft:orange_terracotta":2,"minecraft:acacia_planks":2,"minecraft:rotten_flesh":5,"minecraft:slime_ball":2,"minecraft:gold_ingot":1,"minecraft:golden_horse_armor":1,"minecraft:terracotta":1,"minecraft:acacia_sapling":3,"minecraft:coal":25,"minecraft:cobblestone":17},"minecraft:killed":{"minecraft:zombie":2,"alexsmobs:leafcutter_ant":1},"minecraft:crafted":{"minecraft:crafting_table":1,"minecraft:stick":8,"minecraft:wooden_pickaxe":1,"minecraft:stone_pickaxe":1,"minecraft:stone_sword":1,"spartanshields:wooden_basic_shield":1,"spartanshields:stone_basic_shield":1,"minecraft:acacia_planks":56,"minecraft:torch":8,"minecraft:stone_axe":1},"minecraft:dropped":{"minecraft:golden_chestplate":1,"regions_unexplored:eucalyptus_log":2,"minecraft:acacia_sapling":3,"minecraft:wooden_pickaxe":1}},"DataVersion":3465}