{"stats":{"minecraft:custom":{"minecraft:jump":15,"minecraft:time_since_rest":10769,"enigmaticlegacy:play_time_with_seven_curses":0,"minecraft:leave_game":6,"minecraft:sprint_one_cm":568,"minecraft:play_time":10769,"minecraft:time_since_death":10769,"minecraft:walk_on_water_one_cm":3487,"minecraft:walk_one_cm":3047,"minecraft:sneak_time":676,"enigmaticlegacy:play_time_without_seven_curses":10769,"minecraft:total_world_time":10769,"minecraft:walk_under_water_one_cm":16256,"minecraft:fall_one_cm":476,"minecraft:fly_one_cm":122713}},"DataVersion":3465}