{"stats":{"minecraft:killed_by":{"minecraft:zombie":1,"alexsmobs:leafcutter_ant":1},"minecraft:custom":{"minecraft:time_since_rest":3415,"enigmaticlegacy:play_time_with_seven_curses":15044,"minecraft:sprint_one_cm":11048,"minecraft:damage_taken":835,"minecraft:walk_one_cm":44069,"minecraft:damage_blocked_by_shield":504,"minecraft:mob_kills":2,"minecraft:drop":1,"minecraft:damage_dealt":365,"enigmaticlegacy:play_time_without_seven_curses":5670,"minecraft:interact_with_crafting_table":3,"minecraft:fly_one_cm":11372,"minecraft:crouch_one_cm":516,"tombstone:undead_killed":1,"minecraft:play_time":20805,"minecraft:deaths":2,"minecraft:sneak_time":381,"minecraft:jump":153,"minecraft:leave_game":1,"minecraft:time_since_death":3839,"minecraft:total_world_time":20805,"minecraft:climb_one_cm":176,"minecraft:fall_one_cm":2976},"minecraft:used":{"minecraft:stone_sword":15,"spartanshields:stone_basic_shield":13,"regions_unexplored:eucalyptus_planks":5,"minecraft:wooden_pickaxe":18,"minecraft:rotten_flesh":1,"minecraft:stone_axe":23,"minecraft:dirt":5,"alexsmobs:animal_dictionary":1},"minecraft:mined":{"minecraft:acacia_leaves":2,"treechop:chopped_log":4,"minecraft:acacia_log":2,"minecraft:grass_block":1,"regions_unexplored:eucalyptus_log":1,"minecraft:dirt":4,"minecraft:tall_grass":1,"minecraft:stone":18,"regions_unexplored:eucalyptus_planks":1},"minecraft:picked_up":{"minecraft:stick":5,"regions_unexplored:eucalyptus_sapling":2,"regions_unexplored:eucalyptus_log":25,"minecraft:acacia_log":11,"regions_unexplored:eucalyptus_planks":1,"minecraft:dirt":5,"minecraft:cobblestone":18},"minecraft:killed":{"minecraft:zombie":1,"alexsmobs:leafcutter_ant":1},"minecraft:dropped":{"minecraft:rotten_flesh":1},"minecraft:crafted":{"minecraft:stick":8,"minecraft:wooden_pickaxe":1,"minecraft:stone_pickaxe":1,"minecraft:stone_sword":1,"spartanshields:wooden_basic_shield":1,"spartanshields:stone_basic_shield":1,"minecraft:acacia_planks":28,"minecraft:stone_axe":1,"regions_unexplored:eucalyptus_planks":4}},"DataVersion":3465}