{"stats":{"minecraft:dropped":{"minecraft:spruce_fence":1,"minecraft:dirt":1,"tombstone:grave_dust":1},"minecraft:crafted":{"spartanweaponry:stone_battle_hammer":1,"minecraft:diamond_sword":3,"sophisticatedbackpacks:backpack":1,"minecraft:crafting_table":3,"minecraft:spruce_planks":128,"minecraft:wooden_pickaxe":2,"spartanweaponry:handle":2,"spartanshields:stone_basic_shield":1,"spartanweaponry:stone_rapier":1,"minecraft:stone_axe":2,"regions_unexplored:pine_planks":96,"minecraft:stick":36,"minecraft:stone_pickaxe":3,"minecraft:stone_sword":10,"minecraft:chest":1,"spartanshields:wooden_basic_shield":1,"minecraft:torch":40},"minecraft:killed":{"minecraft:cave_spider":4,"minecraft:skeleton":3,"minecraft:wither_skeleton":82},"minecraft:picked_up":{"minecraft:coarse_dirt":2,"minecraft:crafting_table":3,"iceandfire:witherbone":34,"minecraft:diamond_sword":8,"paraglider:spirit_orb":6,"minecraft:chainmail_chestplate":1,"minecraft:wither_skeleton_skull":6,"minecraft:string":35,"minecraft:dirt":5,"minecraft:netherite_scrap":4,"minecraft:bone":124,"dungeonnowloading:spawner_fragment":17,"minecraft:apple":2,"regions_unexplored:pine_log":24,"minecraft:spruce_planks":26,"minecraft:spruce_wood":125,"minecraft:smooth_quartz":13,"minecraft:ghast_tear":14,"minecraft:stick":2,"regions_unexplored:pine_sapling":4,"minecraft:torch":3,"minecraft:spruce_fence":2,"tombstone:grave_dust":20,"minecraft:spider_eye":4,"minecraft:dark_oak_planks":1,"minecraft:bundle":1,"minecraft:arrow":27,"tombstone:magic_scroll":1,"minecraft:coal":115,"minecraft:cobblestone":150,"minecraft:blaze_powder":115,"regions_unexplored:apple_oak_sapling":1},"minecraft:used":{"tombstone:scroll_of_mercy":1,"minecraft:stone_sword":904,"minecraft:stone_pickaxe":172,"minecraft:spruce_planks":132,"minecraft:wooden_pickaxe":40,"minecraft:chainmail_helmet":1,"minecraft:torch":32,"minecraft:dirt":1,"minecraft:crafting_table":6,"minecraft:chainmail_chestplate":1,"spartanweaponry:stone_rapier":131,"spartanweaponry:stone_battle_hammer":131,"regions_unexplored:apple_oak_sapling":1,"spartanshields:stone_basic_shield":27,"minecraft:bread":27,"tombstone:magic_scroll":1,"tombstone:grave_key":2,"minecraft:stone_axe":84,"minecraft:diamond_sword":518,"minecraft:golden_carrot":8,"minecraft:cobblestone":37,"tombstone:gift":5,"minecraft:coarse_dirt":1},"minecraft:broken":{"minecraft:stone_pickaxe":1,"spartanweaponry:stone_rapier":1,"minecraft:stone_sword":6,"minecraft:stone_axe":1,"spartanweaponry:stone_battle_hammer":1},"minecraft:killed_by":{"minecraft:skeleton":3},"minecraft:custom":{"enigmaticlegacy:play_time_with_seven_curses":80730,"lootr:looted_stat":4,"spartanshields:shield_bash_hits":1,"minecraft:mob_kills":89,"enigmaticlegacy:play_time_without_seven_curses":2504,"minecraft:interact_with_crafting_table":19,"minecraft:damage_dealt_resisted":8872,"minecraft:time_since_death":8024,"minecraft:leave_game":5,"minecraft:time_since_rest":6662,"minecraft:sprint_one_cm":11252,"minecraft:damage_taken":5064,"minecraft:walk_one_cm":132800,"minecraft:damage_blocked_by_shield":845,"minecraft:drop":3,"minecraft:damage_dealt":32742,"tombstone:cast_on_ally":0,"minecraft:fly_one_cm":10208,"minecraft:crouch_one_cm":15320,"minecraft:deaths":5,"minecraft:play_time":87484,"tombstone:undead_killed":85,"minecraft:sneak_time":9947,"minecraft:jump":270,"minecraft:total_world_time":89817,"minecraft:fall_one_cm":2665},"minecraft:mined":{"minecraft:dark_oak_planks":1,"minecraft:spruce_planks":26,"minecraft:crafting_table":3,"minecraft:torch":1,"minecraft:grass_block":1,"minecraft:spruce_fence":2,"minecraft:cobblestone":33,"minecraft:spawner":6,"minecraft:coarse_dirt":2,"treechop:chopped_log":4,"minecraft:grass":1,"minecraft:coal_ore":32,"minecraft:smooth_quartz":17,"minecraft:dirt":4,"regions_unexplored:apple_oak_leaves":1,"minecraft:cobweb":10,"minecraft:stone":117}},"DataVersion":3465}