{"stats":{"minecraft:dropped":{"minecraft:spruce_fence":1,"minecraft:dirt":1,"tombstone:grave_dust":1},"minecraft:crafted":{"spartanweaponry:stone_battle_hammer":1,"minecraft:diamond_sword":5,"sophisticatedbackpacks:backpack":1,"minecraft:crafting_table":3,"minecraft:spruce_planks":244,"minecraft:wooden_pickaxe":2,"spartanweaponry:handle":2,"spartanshields:stone_basic_shield":1,"spartanweaponry:stone_rapier":1,"minecraft:stone_axe":2,"regions_unexplored:pine_planks":96,"minecraft:stick":36,"minecraft:stone_pickaxe":3,"minecraft:stone_sword":10,"minecraft:chest":1,"spartanshields:wooden_basic_shield":1,"minecraft:torch":40},"minecraft:killed":{"minecraft:cave_spider":18,"minecraft:skeleton":5,"minecraft:wither_skeleton":98},"minecraft:picked_up":{"minecraft:coarse_dirt":2,"minecraft:crafting_table":3,"iceandfire:witherbone":41,"minecraft:diamond_sword":9,"paraglider:spirit_orb":14,"minecraft:chainmail_chestplate":1,"minecraft:wither_skeleton_skull":7,"minecraft:string":154,"minecraft:dirt":5,"minecraft:netherite_scrap":6,"minecraft:cyan_carpet":1,"minecraft:bone":151,"dungeonnowloading:spawner_fragment":43,"minecraft:apple":2,"regions_unexplored:pine_log":24,"minecraft:spruce_planks":35,"minecraft:spruce_wood":125,"minecraft:smooth_quartz":23,"minecraft:birch_sapling":1,"minecraft:dark_oak_stairs":1,"minecraft:ghast_tear":18,"minecraft:stick":2,"regions_unexplored:pine_sapling":4,"minecraft:torch":6,"minecraft:spruce_fence":2,"tombstone:grave_dust":22,"minecraft:spider_eye":21,"minecraft:dark_oak_planks":1,"minecraft:bundle":2,"minecraft:arrow":39,"tombstone:magic_scroll":1,"minecraft:coal":132,"minecraft:cobblestone":150,"minecraft:blaze_powder":138,"regions_unexplored:apple_oak_sapling":1},"minecraft:used":{"tombstone:scroll_of_mercy":1,"minecraft:stone_sword":904,"minecraft:stone_pickaxe":182,"minecraft:spruce_planks":170,"minecraft:wooden_pickaxe":40,"minecraft:chainmail_helmet":1,"minecraft:torch":41,"minecraft:dirt":1,"minecraft:crafting_table":6,"minecraft:chainmail_chestplate":1,"spartanweaponry:stone_rapier":131,"spartanweaponry:stone_battle_hammer":131,"regions_unexplored:apple_oak_sapling":1,"spartanshields:stone_basic_shield":27,"minecraft:iron_axe":45,"minecraft:bread":34,"tombstone:magic_scroll":1,"tombstone:grave_key":2,"minecraft:stone_axe":84,"minecraft:diamond_sword":675,"minecraft:golden_carrot":11,"minecraft:cobblestone":37,"minecraft:bow":24,"tombstone:gift":5,"minecraft:coarse_dirt":1},"minecraft:broken":{"minecraft:stone_pickaxe":1,"spartanweaponry:stone_rapier":1,"minecraft:stone_sword":6,"minecraft:stone_axe":1,"spartanweaponry:stone_battle_hammer":1},"minecraft:killed_by":{"minecraft:skeleton":3},"minecraft:custom":{"enigmaticlegacy:play_time_with_seven_curses":92730,"lootr:looted_stat":4,"spartanshields:shield_bash_hits":1,"minecraft:mob_kills":121,"enigmaticlegacy:play_time_without_seven_curses":2504,"minecraft:interact_with_crafting_table":19,"minecraft:damage_dealt_resisted":10519,"minecraft:time_since_death":20024,"minecraft:leave_game":5,"minecraft:time_since_rest":18662,"minecraft:sprint_one_cm":17631,"minecraft:damage_taken":5972,"minecraft:walk_one_cm":171189,"minecraft:damage_blocked_by_shield":845,"minecraft:drop":3,"minecraft:damage_dealt":38007,"tombstone:cast_on_ally":0,"minecraft:fly_one_cm":13497,"minecraft:crouch_one_cm":15734,"minecraft:deaths":5,"minecraft:play_time":99484,"tombstone:undead_killed":103,"minecraft:sneak_time":10325,"minecraft:jump":294,"minecraft:total_world_time":101817,"minecraft:fall_one_cm":3148},"minecraft:mined":{"minecraft:dark_oak_planks":1,"minecraft:spruce_planks":35,"minecraft:crafting_table":3,"minecraft:torch":3,"minecraft:grass_block":1,"minecraft:spruce_fence":2,"minecraft:cobblestone":33,"minecraft:spawner":9,"minecraft:coarse_dirt":2,"minecraft:birch_leaves":1,"treechop:chopped_log":4,"minecraft:dark_oak_stairs":1,"minecraft:grass":1,"minecraft:coal_ore":32,"minecraft:cyan_carpet":1,"minecraft:smooth_quartz":23,"minecraft:dirt":4,"regions_unexplored:apple_oak_leaves":1,"minecraft:cobweb":10,"minecraft:stone":117}},"DataVersion":3465}