{"stats":{"minecraft:dropped":{"minecraft:spruce_fence":1,"minecraft:dirt":1,"tombstone:grave_dust":1},"minecraft:crafted":{"spartanweaponry:stone_battle_hammer":1,"sophisticatedbackpacks:backpack":1,"minecraft:crafting_table":3,"minecraft:wooden_pickaxe":2,"spartanweaponry:handle":2,"spartanshields:stone_basic_shield":1,"spartanweaponry:stone_rapier":1,"minecraft:stone_axe":2,"regions_unexplored:pine_planks":96,"minecraft:stick":28,"minecraft:stone_pickaxe":3,"minecraft:stone_sword":6,"minecraft:chest":1,"spartanshields:wooden_basic_shield":1,"minecraft:torch":24},"minecraft:killed":{"minecraft:skeleton":3,"minecraft:wither_skeleton":25},"minecraft:picked_up":{"minecraft:coarse_dirt":2,"minecraft:crafting_table":3,"iceandfire:witherbone":9,"minecraft:diamond_sword":1,"paraglider:spirit_orb":2,"minecraft:chainmail_chestplate":1,"minecraft:wither_skeleton_skull":1,"minecraft:string":6,"minecraft:dirt":5,"minecraft:netherite_scrap":2,"minecraft:bone":32,"dungeonnowloading:spawner_fragment":4,"minecraft:apple":2,"regions_unexplored:pine_log":24,"minecraft:spruce_wood":125,"minecraft:smooth_quartz":13,"minecraft:ghast_tear":4,"minecraft:stick":2,"regions_unexplored:pine_sapling":4,"minecraft:torch":2,"minecraft:spruce_fence":1,"tombstone:grave_dust":2,"minecraft:dark_oak_planks":1,"minecraft:arrow":27,"minecraft:coal":55,"minecraft:cobblestone":121,"minecraft:blaze_powder":24,"regions_unexplored:apple_oak_sapling":1},"minecraft:used":{"tombstone:scroll_of_mercy":1,"minecraft:stone_sword":620,"minecraft:stone_pickaxe":132,"minecraft:wooden_pickaxe":40,"minecraft:torch":15,"minecraft:dirt":1,"minecraft:crafting_table":6,"minecraft:chainmail_chestplate":1,"spartanweaponry:stone_rapier":131,"spartanweaponry:stone_battle_hammer":131,"regions_unexplored:apple_oak_sapling":1,"spartanshields:stone_basic_shield":27,"minecraft:bread":15,"tombstone:grave_key":1,"minecraft:stone_axe":84,"minecraft:diamond_sword":2,"minecraft:cobblestone":25,"tombstone:gift":2,"minecraft:coarse_dirt":1},"minecraft:broken":{"minecraft:stone_pickaxe":1,"spartanweaponry:stone_rapier":1,"minecraft:stone_sword":4,"minecraft:stone_axe":1,"spartanweaponry:stone_battle_hammer":1},"minecraft:killed_by":{"minecraft:skeleton":3},"minecraft:custom":{"enigmaticlegacy:play_time_with_seven_curses":44973,"lootr:looted_stat":2,"spartanshields:shield_bash_hits":1,"minecraft:mob_kills":28,"enigmaticlegacy:play_time_without_seven_curses":2504,"minecraft:interact_with_crafting_table":18,"minecraft:damage_dealt_resisted":3440,"minecraft:time_since_death":14058,"minecraft:leave_game":5,"minecraft:time_since_rest":13752,"minecraft:sprint_one_cm":4825,"minecraft:damage_taken":1878,"minecraft:walk_one_cm":73187,"minecraft:damage_blocked_by_shield":845,"minecraft:drop":3,"minecraft:damage_dealt":11790,"tombstone:cast_on_ally":0,"minecraft:fly_one_cm":5588,"minecraft:crouch_one_cm":6135,"minecraft:deaths":3,"minecraft:play_time":51484,"tombstone:undead_killed":28,"minecraft:sneak_time":3584,"minecraft:jump":156,"minecraft:total_world_time":53817,"minecraft:fall_one_cm":1165},"minecraft:mined":{"minecraft:dark_oak_planks":1,"minecraft:crafting_table":3,"minecraft:torch":1,"minecraft:grass_block":1,"minecraft:spruce_fence":1,"minecraft:cobblestone":4,"minecraft:spawner":3,"minecraft:coarse_dirt":2,"treechop:chopped_log":4,"minecraft:grass":1,"minecraft:coal_ore":32,"minecraft:smooth_quartz":13,"minecraft:dirt":4,"regions_unexplored:apple_oak_leaves":1,"minecraft:cobweb":7,"minecraft:stone":117}},"DataVersion":3465}