{"stats":{"minecraft:dropped":{"minecraft:spruce_fence":1,"minecraft:dirt":1,"tombstone:grave_dust":1},"minecraft:crafted":{"spartanweaponry:stone_battle_hammer":1,"minecraft:diamond_sword":3,"sophisticatedbackpacks:backpack":1,"minecraft:crafting_table":3,"minecraft:spruce_planks":128,"minecraft:wooden_pickaxe":2,"spartanweaponry:handle":2,"spartanshields:stone_basic_shield":1,"spartanweaponry:stone_rapier":1,"minecraft:stone_axe":2,"regions_unexplored:pine_planks":96,"minecraft:stick":36,"minecraft:stone_pickaxe":3,"minecraft:stone_sword":10,"minecraft:chest":1,"spartanshields:wooden_basic_shield":1,"minecraft:torch":40},"minecraft:killed":{"minecraft:skeleton":3,"minecraft:wither_skeleton":63},"minecraft:picked_up":{"minecraft:coarse_dirt":2,"minecraft:crafting_table":3,"iceandfire:witherbone":26,"minecraft:diamond_sword":5,"paraglider:spirit_orb":6,"minecraft:chainmail_chestplate":1,"minecraft:wither_skeleton_skull":5,"minecraft:string":9,"minecraft:dirt":5,"minecraft:netherite_scrap":3,"minecraft:bone":94,"dungeonnowloading:spawner_fragment":17,"minecraft:apple":2,"regions_unexplored:pine_log":24,"minecraft:spruce_planks":23,"minecraft:spruce_wood":125,"minecraft:smooth_quartz":13,"minecraft:ghast_tear":13,"minecraft:stick":2,"regions_unexplored:pine_sapling":4,"minecraft:torch":3,"minecraft:spruce_fence":1,"tombstone:grave_dust":15,"minecraft:dark_oak_planks":1,"minecraft:arrow":27,"tombstone:magic_scroll":1,"minecraft:coal":99,"minecraft:cobblestone":150,"minecraft:blaze_powder":85,"regions_unexplored:apple_oak_sapling":1},"minecraft:used":{"tombstone:scroll_of_mercy":1,"minecraft:stone_sword":904,"minecraft:stone_pickaxe":167,"minecraft:spruce_planks":94,"minecraft:wooden_pickaxe":40,"minecraft:chainmail_helmet":1,"minecraft:torch":24,"minecraft:dirt":1,"minecraft:crafting_table":6,"minecraft:chainmail_chestplate":1,"spartanweaponry:stone_rapier":131,"spartanweaponry:stone_battle_hammer":131,"regions_unexplored:apple_oak_sapling":1,"spartanshields:stone_basic_shield":27,"minecraft:bread":25,"tombstone:magic_scroll":1,"tombstone:grave_key":1,"minecraft:stone_axe":84,"minecraft:diamond_sword":236,"minecraft:golden_carrot":5,"minecraft:cobblestone":37,"tombstone:gift":5,"minecraft:coarse_dirt":1},"minecraft:broken":{"minecraft:stone_pickaxe":1,"spartanweaponry:stone_rapier":1,"minecraft:stone_sword":6,"minecraft:stone_axe":1,"spartanweaponry:stone_battle_hammer":1},"minecraft:killed_by":{"minecraft:skeleton":3},"minecraft:custom":{"enigmaticlegacy:play_time_with_seven_curses":68973,"lootr:looted_stat":4,"spartanshields:shield_bash_hits":1,"minecraft:mob_kills":66,"enigmaticlegacy:play_time_without_seven_curses":2504,"minecraft:interact_with_crafting_table":19,"minecraft:damage_dealt_resisted":6971,"minecraft:time_since_death":38058,"minecraft:leave_game":5,"minecraft:time_since_rest":37752,"minecraft:sprint_one_cm":4825,"minecraft:damage_taken":3692,"minecraft:walk_one_cm":113690,"minecraft:damage_blocked_by_shield":845,"minecraft:drop":3,"minecraft:damage_dealt":25159,"tombstone:cast_on_ally":0,"minecraft:fly_one_cm":6365,"minecraft:crouch_one_cm":11889,"minecraft:deaths":3,"minecraft:play_time":75484,"tombstone:undead_killed":66,"minecraft:sneak_time":6679,"minecraft:jump":180,"minecraft:total_world_time":77817,"minecraft:fall_one_cm":1434},"minecraft:mined":{"minecraft:dark_oak_planks":1,"minecraft:spruce_planks":23,"minecraft:crafting_table":3,"minecraft:torch":1,"minecraft:grass_block":1,"minecraft:spruce_fence":1,"minecraft:cobblestone":33,"minecraft:spawner":5,"minecraft:coarse_dirt":2,"treechop:chopped_log":4,"minecraft:grass":1,"minecraft:coal_ore":32,"minecraft:smooth_quartz":13,"minecraft:dirt":4,"regions_unexplored:apple_oak_leaves":1,"minecraft:cobweb":10,"minecraft:stone":117}},"DataVersion":3465}