{"stats":{"minecraft:dropped":{"minecraft:spruce_fence":1,"minecraft:dirt":1,"tombstone:grave_dust":1},"minecraft:crafted":{"spartanweaponry:stone_battle_hammer":1,"minecraft:diamond_sword":7,"sophisticatedbackpacks:backpack":1,"minecraft:crafting_table":3,"minecraft:spruce_planks":244,"minecraft:wooden_pickaxe":2,"spartanweaponry:handle":2,"spartanshields:stone_basic_shield":1,"spartanweaponry:stone_rapier":1,"minecraft:stone_axe":2,"regions_unexplored:pine_planks":96,"minecraft:stick":52,"minecraft:stone_pickaxe":3,"minecraft:stone_sword":10,"minecraft:chest":1,"minecraft:gold_ingot":27,"spartanshields:wooden_basic_shield":1,"minecraft:torch":104},"minecraft:killed":{"minecraft:cave_spider":31,"minecraft:spider":1,"minecraft:skeleton":6,"minecraft:wither_skeleton":101},"minecraft:picked_up":{"minecraft:coarse_dirt":2,"minecraft:crafting_table":3,"iceandfire:witherbone":43,"minecraft:stone_slab":3,"minecraft:diamond_sword":9,"minecraft:gold_block":3,"paraglider:spirit_orb":26,"minecraft:chainmail_chestplate":1,"minecraft:wither_skeleton_skull":7,"minecraft:string":268,"minecraft:dirt":5,"minecraft:netherite_scrap":6,"minecraft:cyan_carpet":2,"minecraft:bone":162,"dungeonnowloading:spawner_fragment":82,"minecraft:apple":2,"regions_unexplored:pine_log":24,"minecraft:spruce_planks":43,"minecraft:spruce_wood":125,"minecraft:smooth_quartz":26,"minecraft:coal_block":9,"minecraft:birch_sapling":1,"minecraft:dark_oak_stairs":1,"minecraft:ghast_tear":18,"minecraft:stick":2,"regions_unexplored:pine_sapling":4,"minecraft:torch":7,"minecraft:spruce_fence":5,"tombstone:grave_dust":24,"minecraft:spider_eye":33,"minecraft:dark_oak_planks":3,"minecraft:bundle":2,"minecraft:arrow":43,"tombstone:magic_scroll":1,"minecraft:coal":135,"minecraft:cobblestone":150,"minecraft:blaze_powder":142,"regions_unexplored:apple_oak_sapling":1},"minecraft:used":{"tombstone:scroll_of_mercy":1,"minecraft:stone_sword":904,"minecraft:stone_pickaxe":186,"minecraft:spruce_planks":285,"minecraft:wooden_pickaxe":40,"minecraft:chainmail_helmet":1,"minecraft:golden_apple":1,"minecraft:torch":64,"minecraft:dirt":1,"minecraft:crafting_table":6,"minecraft:chainmail_chestplate":1,"spartanweaponry:stone_rapier":131,"spartanweaponry:stone_battle_hammer":131,"minecraft:dark_oak_planks":1,"regions_unexplored:apple_oak_sapling":1,"spartanshields:stone_basic_shield":34,"minecraft:iron_axe":58,"minecraft:bread":53,"minecraft:iron_pickaxe":23,"tombstone:magic_scroll":1,"minecraft:smooth_quartz":3,"tombstone:grave_key":2,"minecraft:stone_axe":84,"minecraft:diamond_sword":758,"minecraft:golden_carrot":11,"minecraft:cobblestone":37,"minecraft:bow":50,"tombstone:gift":5,"minecraft:coarse_dirt":1},"minecraft:broken":{"minecraft:stone_pickaxe":1,"spartanweaponry:stone_rapier":1,"minecraft:stone_sword":6,"minecraft:stone_axe":1,"spartanweaponry:stone_battle_hammer":1},"minecraft:killed_by":{"minecraft:skeleton":3},"minecraft:custom":{"enigmaticlegacy:play_time_with_seven_curses":113812,"minecraft:interact_with_furnace":2,"lootr:looted_stat":9,"spartanshields:shield_bash_hits":2,"minecraft:mob_kills":139,"enigmaticlegacy:play_time_without_seven_curses":2504,"minecraft:interact_with_crafting_table":19,"minecraft:damage_dealt_resisted":11915,"minecraft:time_since_death":41106,"minecraft:leave_game":6,"minecraft:time_since_rest":39744,"minecraft:sprint_one_cm":27557,"minecraft:damage_absorbed":34,"minecraft:damage_taken":7692,"minecraft:walk_one_cm":230012,"minecraft:damage_blocked_by_shield":1103,"minecraft:drop":3,"minecraft:damage_dealt":40369,"tombstone:cast_on_ally":0,"minecraft:fly_one_cm":19000,"minecraft:crouch_one_cm":16066,"minecraft:deaths":5,"minecraft:play_time":120566,"tombstone:undead_killed":107,"minecraft:sneak_time":10406,"minecraft:jump":390,"minecraft:total_world_time":122899,"minecraft:fall_one_cm":3483},"minecraft:mined":{"minecraft:dark_oak_planks":3,"minecraft:spruce_planks":43,"minecraft:crafting_table":3,"minecraft:torch":3,"minecraft:grass_block":1,"minecraft:spruce_fence":5,"minecraft:stone_slab":3,"minecraft:coal_block":9,"minecraft:cobblestone":33,"minecraft:wall_torch":1,"minecraft:spawner":15,"minecraft:coarse_dirt":2,"minecraft:birch_leaves":1,"treechop:chopped_log":4,"minecraft:gold_block":3,"minecraft:dark_oak_stairs":1,"minecraft:grass":1,"minecraft:coal_ore":32,"minecraft:cyan_carpet":2,"minecraft:smooth_quartz":26,"minecraft:dirt":4,"regions_unexplored:apple_oak_leaves":1,"minecraft:cobweb":11,"minecraft:stone":117}},"DataVersion":3465}