{"stats":{"minecraft:crafted":{"regions_unexplored:pine_planks":96,"minecraft:crafting_table":2,"minecraft:stick":20,"minecraft:wooden_pickaxe":2,"minecraft:stone_pickaxe":2,"minecraft:stone_sword":2,"spartanshields:wooden_basic_shield":1,"spartanshields:stone_basic_shield":1,"minecraft:torch":12,"minecraft:stone_axe":2},"minecraft:mined":{"minecraft:dark_oak_planks":1,"minecraft:coarse_dirt":2,"treechop:chopped_log":4,"minecraft:crafting_table":2,"minecraft:torch":1,"minecraft:grass":1,"minecraft:coal_ore":32,"minecraft:smooth_quartz":3,"minecraft:dirt":4,"minecraft:stone":117},"minecraft:used":{"minecraft:stone_sword":3,"spartanshields:stone_basic_shield":2,"minecraft:stone_pickaxe":114,"minecraft:wooden_pickaxe":40,"minecraft:stone_axe":37,"minecraft:torch":6,"minecraft:dirt":1,"minecraft:cobblestone":6,"minecraft:crafting_table":3,"minecraft:coarse_dirt":1},"minecraft:picked_up":{"minecraft:stick":2,"minecraft:coarse_dirt":2,"minecraft:crafting_table":2,"regions_unexplored:pine_sapling":4,"minecraft:torch":1,"minecraft:dirt":4,"minecraft:dark_oak_planks":1,"regions_unexplored:pine_log":24,"minecraft:spruce_wood":125,"minecraft:smooth_quartz":3,"minecraft:coal":42,"minecraft:cobblestone":117},"minecraft:custom":{"minecraft:time_since_rest":25784,"enigmaticlegacy:play_time_with_seven_curses":19423,"minecraft:damage_taken":260,"minecraft:walk_one_cm":33669,"minecraft:damage_blocked_by_shield":95,"minecraft:damage_dealt":35,"enigmaticlegacy:play_time_without_seven_curses":2504,"minecraft:fly_one_cm":254,"minecraft:interact_with_crafting_table":10,"minecraft:crouch_one_cm":3403,"minecraft:play_time":25784,"minecraft:sneak_time":952,"minecraft:damage_dealt_resisted":51,"minecraft:jump":47,"minecraft:leave_game":3,"minecraft:time_since_death":25784,"minecraft:total_world_time":28117,"minecraft:fall_one_cm":269}},"DataVersion":3465}