{"stats":{"minecraft:dropped":{"minecraft:spruce_fence":1,"minecraft:dirt":1,"tombstone:grave_dust":1},"minecraft:crafted":{"spartanweaponry:stone_battle_hammer":1,"sophisticatedbackpacks:backpack":1,"minecraft:crafting_table":3,"minecraft:spruce_planks":128,"minecraft:wooden_pickaxe":2,"spartanweaponry:handle":2,"spartanshields:stone_basic_shield":1,"spartanweaponry:stone_rapier":1,"minecraft:stone_axe":2,"regions_unexplored:pine_planks":96,"minecraft:stick":32,"minecraft:stone_pickaxe":3,"minecraft:stone_sword":10,"minecraft:chest":1,"spartanshields:wooden_basic_shield":1,"minecraft:torch":24},"minecraft:killed":{"minecraft:skeleton":3,"minecraft:wither_skeleton":47},"minecraft:picked_up":{"minecraft:coarse_dirt":2,"minecraft:crafting_table":3,"iceandfire:witherbone":20,"minecraft:diamond_sword":3,"paraglider:spirit_orb":2,"minecraft:chainmail_chestplate":1,"minecraft:wither_skeleton_skull":4,"minecraft:string":7,"minecraft:dirt":5,"minecraft:netherite_scrap":3,"minecraft:bone":71,"dungeonnowloading:spawner_fragment":4,"minecraft:apple":2,"regions_unexplored:pine_log":24,"minecraft:spruce_planks":13,"minecraft:spruce_wood":125,"minecraft:smooth_quartz":13,"minecraft:ghast_tear":10,"minecraft:stick":2,"regions_unexplored:pine_sapling":4,"minecraft:torch":3,"minecraft:spruce_fence":1,"tombstone:grave_dust":9,"minecraft:dark_oak_planks":1,"minecraft:arrow":27,"tombstone:magic_scroll":1,"minecraft:coal":84,"minecraft:cobblestone":150,"minecraft:blaze_powder":62,"regions_unexplored:apple_oak_sapling":1},"minecraft:used":{"tombstone:scroll_of_mercy":1,"minecraft:stone_sword":904,"minecraft:stone_pickaxe":164,"minecraft:spruce_planks":63,"minecraft:wooden_pickaxe":40,"minecraft:chainmail_helmet":1,"minecraft:torch":18,"minecraft:dirt":1,"minecraft:crafting_table":6,"minecraft:chainmail_chestplate":1,"spartanweaponry:stone_rapier":131,"spartanweaponry:stone_battle_hammer":131,"regions_unexplored:apple_oak_sapling":1,"spartanshields:stone_basic_shield":27,"minecraft:bread":18,"tombstone:grave_key":1,"minecraft:stone_axe":84,"minecraft:diamond_sword":46,"minecraft:cobblestone":37,"tombstone:gift":3,"minecraft:coarse_dirt":1},"minecraft:broken":{"minecraft:stone_pickaxe":1,"spartanweaponry:stone_rapier":1,"minecraft:stone_sword":6,"minecraft:stone_axe":1,"spartanweaponry:stone_battle_hammer":1},"minecraft:killed_by":{"minecraft:skeleton":3},"minecraft:custom":{"enigmaticlegacy:play_time_with_seven_curses":56973,"lootr:looted_stat":3,"spartanshields:shield_bash_hits":1,"minecraft:mob_kills":50,"enigmaticlegacy:play_time_without_seven_curses":2504,"minecraft:interact_with_crafting_table":19,"minecraft:damage_dealt_resisted":5291,"minecraft:time_since_death":26058,"minecraft:leave_game":5,"minecraft:time_since_rest":25752,"minecraft:sprint_one_cm":4825,"minecraft:damage_taken":2241,"minecraft:walk_one_cm":90624,"minecraft:damage_blocked_by_shield":845,"minecraft:drop":3,"minecraft:damage_dealt":18856,"tombstone:cast_on_ally":0,"minecraft:fly_one_cm":5740,"minecraft:crouch_one_cm":10210,"minecraft:deaths":3,"minecraft:play_time":63484,"tombstone:undead_killed":50,"minecraft:sneak_time":5323,"minecraft:jump":174,"minecraft:total_world_time":65817,"minecraft:fall_one_cm":1434},"minecraft:mined":{"minecraft:dark_oak_planks":1,"minecraft:spruce_planks":13,"minecraft:crafting_table":3,"minecraft:torch":1,"minecraft:grass_block":1,"minecraft:spruce_fence":1,"minecraft:cobblestone":33,"minecraft:spawner":3,"minecraft:coarse_dirt":2,"treechop:chopped_log":4,"minecraft:grass":1,"minecraft:coal_ore":32,"minecraft:smooth_quartz":13,"minecraft:dirt":4,"regions_unexplored:apple_oak_leaves":1,"minecraft:cobweb":8,"minecraft:stone":117}},"DataVersion":3465}