{"stats":{"minecraft:custom":{"minecraft:jump":37,"minecraft:time_since_rest":8805,"enigmaticlegacy:play_time_with_seven_curses":3135,"minecraft:crouch_one_cm":213,"minecraft:damage_dealt":20,"minecraft:damage_taken":30,"minecraft:sprint_one_cm":2856,"minecraft:leave_game":1,"minecraft:play_time":8805,"minecraft:time_since_death":8805,"minecraft:walk_one_cm":7006,"minecraft:sneak_time":188,"enigmaticlegacy:play_time_without_seven_curses":5670,"minecraft:total_world_time":8805,"minecraft:fall_one_cm":418,"minecraft:fly_one_cm":1736},"minecraft:used":{"alexsmobs:animal_dictionary":1},"minecraft:mined":{"minecraft:acacia_log":2,"minecraft:acacia_leaves":2,"treechop:chopped_log":2},"minecraft:picked_up":{"minecraft:acacia_log":7}},"DataVersion":3465}