{"stats":{"minecraft:picked_up":{"minecraft:stone":1,"minecraft:dirt":15,"minecraft:cobblestone":120},"minecraft:dropped":{"minecraft:dirt":3,"minecraft:stone":1},"minecraft:used":{"alexscaves:green_soylent":1,"alexscaves:tremorzilla_egg":56,"alexscaves:acid_bucket":7,"alexscaves:uranium_rod":5,"tombstone:gift":1,"alexscaves:remote_detonator":38,"alexscaves:spelunkie":3,"alexscaves:nuclear_bomb":21,"enigmaticlegacy:ultimate_potion_lingering":16,"alexscaves:hazmat_block":9},"minecraft:custom":{"minecraft:time_since_rest":6549,"enigmaticlegacy:play_time_with_seven_curses":45264,"minecraft:crouch_one_cm":846,"minecraft:deaths":6,"minecraft:play_time":53987,"minecraft:sprint_one_cm":6339,"minecraft:damage_taken":284,"minecraft:walk_one_cm":236784,"minecraft:sneak_time":633,"minecraft:drop":2,"minecraft:jump":99,"minecraft:damage_dealt":14,"minecraft:leave_game":3,"minecraft:walk_on_water_one_cm":3614,"minecraft:time_since_death":6865,"minecraft:total_world_time":55557,"enigmaticlegacy:play_time_without_seven_curses":7692,"minecraft:damage_resisted":188,"minecraft:fall_one_cm":335,"minecraft:fly_one_cm":1257168}},"DataVersion":3465}