{"stats":{"minecraft:custom":{"minecraft:time_since_rest":9285,"enigmaticlegacy:play_time_with_seven_curses":2924,"minecraft:crouch_one_cm":890,"minecraft:play_time":9285,"minecraft:walk_one_cm":6138,"minecraft:sneak_time":97,"minecraft:jump":8,"minecraft:leave_game":2,"minecraft:time_since_death":9285,"enigmaticlegacy:play_time_without_seven_curses":2504,"minecraft:total_world_time":11618,"minecraft:interact_with_crafting_table":5},"minecraft:picked_up":{"minecraft:coarse_dirt":2,"minecraft:stick":2,"regions_unexplored:pine_sapling":4,"regions_unexplored:pine_log":24,"minecraft:coal":5,"minecraft:cobblestone":19,"minecraft:dirt":3},"minecraft:mined":{"minecraft:grass":1,"minecraft:coal_ore":5,"minecraft:coarse_dirt":2,"minecraft:dirt":3,"minecraft:stone":19,"treechop:chopped_log":2},"minecraft:used":{"minecraft:crafting_table":1,"minecraft:wooden_pickaxe":24,"minecraft:coarse_dirt":1},"minecraft:crafted":{"minecraft:stone_sword":1,"regions_unexplored:pine_planks":52,"minecraft:crafting_table":1,"minecraft:stone_axe":1,"minecraft:stick":8,"minecraft:wooden_pickaxe":1,"minecraft:stone_pickaxe":1}},"DataVersion":3465}