{"stats":{"minecraft:dropped":{"minecraft:spruce_fence":1,"minecraft:dirt":1,"tombstone:grave_dust":1},"minecraft:crafted":{"spartanweaponry:stone_battle_hammer":1,"minecraft:diamond_sword":6,"sophisticatedbackpacks:backpack":1,"minecraft:crafting_table":3,"minecraft:spruce_planks":244,"minecraft:wooden_pickaxe":2,"spartanweaponry:handle":2,"spartanshields:stone_basic_shield":1,"spartanweaponry:stone_rapier":1,"minecraft:stone_axe":2,"regions_unexplored:pine_planks":96,"minecraft:stick":52,"minecraft:stone_pickaxe":3,"minecraft:stone_sword":10,"minecraft:chest":1,"minecraft:gold_ingot":27,"spartanshields:wooden_basic_shield":1,"minecraft:torch":104},"minecraft:killed":{"minecraft:cave_spider":23,"minecraft:skeleton":6,"minecraft:wither_skeleton":101},"minecraft:picked_up":{"minecraft:coarse_dirt":2,"minecraft:crafting_table":3,"iceandfire:witherbone":43,"minecraft:stone_slab":3,"minecraft:diamond_sword":9,"minecraft:gold_block":3,"paraglider:spirit_orb":18,"minecraft:chainmail_chestplate":1,"minecraft:wither_skeleton_skull":7,"minecraft:string":174,"minecraft:dirt":5,"minecraft:netherite_scrap":6,"minecraft:cyan_carpet":1,"minecraft:bone":157,"dungeonnowloading:spawner_fragment":61,"minecraft:apple":2,"regions_unexplored:pine_log":24,"minecraft:spruce_planks":37,"minecraft:spruce_wood":125,"minecraft:smooth_quartz":23,"minecraft:coal_block":9,"minecraft:birch_sapling":1,"minecraft:dark_oak_stairs":1,"minecraft:ghast_tear":18,"minecraft:stick":2,"regions_unexplored:pine_sapling":4,"minecraft:torch":6,"minecraft:spruce_fence":2,"tombstone:grave_dust":24,"minecraft:spider_eye":25,"minecraft:dark_oak_planks":1,"minecraft:bundle":2,"minecraft:arrow":39,"tombstone:magic_scroll":1,"minecraft:coal":134,"minecraft:cobblestone":150,"minecraft:blaze_powder":142,"regions_unexplored:apple_oak_sapling":1},"minecraft:used":{"tombstone:scroll_of_mercy":1,"minecraft:stone_sword":904,"minecraft:stone_pickaxe":186,"minecraft:spruce_planks":212,"minecraft:wooden_pickaxe":40,"minecraft:chainmail_helmet":1,"minecraft:torch":50,"minecraft:dirt":1,"minecraft:crafting_table":6,"minecraft:chainmail_chestplate":1,"spartanweaponry:stone_rapier":131,"spartanweaponry:stone_battle_hammer":131,"minecraft:dark_oak_planks":1,"regions_unexplored:apple_oak_sapling":1,"spartanshields:stone_basic_shield":28,"minecraft:iron_axe":47,"minecraft:bread":44,"minecraft:iron_pickaxe":15,"tombstone:magic_scroll":1,"tombstone:grave_key":2,"minecraft:stone_axe":84,"minecraft:diamond_sword":722,"minecraft:golden_carrot":11,"minecraft:cobblestone":37,"minecraft:bow":50,"tombstone:gift":5,"minecraft:coarse_dirt":1},"minecraft:broken":{"minecraft:stone_pickaxe":1,"spartanweaponry:stone_rapier":1,"minecraft:stone_sword":6,"minecraft:stone_axe":1,"spartanweaponry:stone_battle_hammer":1},"minecraft:killed_by":{"minecraft:skeleton":3},"minecraft:custom":{"enigmaticlegacy:play_time_with_seven_curses":104730,"minecraft:interact_with_furnace":2,"lootr:looted_stat":7,"spartanshields:shield_bash_hits":2,"minecraft:mob_kills":130,"enigmaticlegacy:play_time_without_seven_curses":2504,"minecraft:interact_with_crafting_table":19,"minecraft:damage_dealt_resisted":11710,"minecraft:time_since_death":32024,"minecraft:leave_game":5,"minecraft:time_since_rest":30662,"minecraft:sprint_one_cm":26176,"minecraft:damage_taken":6799,"minecraft:walk_one_cm":204118,"minecraft:damage_blocked_by_shield":890,"minecraft:drop":3,"minecraft:damage_dealt":39238,"tombstone:cast_on_ally":0,"minecraft:fly_one_cm":18229,"minecraft:crouch_one_cm":16066,"minecraft:deaths":5,"minecraft:play_time":111484,"tombstone:undead_killed":107,"minecraft:sneak_time":10406,"minecraft:jump":334,"minecraft:total_world_time":113817,"minecraft:fall_one_cm":3148},"minecraft:mined":{"minecraft:dark_oak_planks":1,"minecraft:spruce_planks":37,"minecraft:crafting_table":3,"minecraft:torch":3,"minecraft:grass_block":1,"minecraft:spruce_fence":2,"minecraft:stone_slab":3,"minecraft:coal_block":9,"minecraft:cobblestone":33,"minecraft:spawner":11,"minecraft:coarse_dirt":2,"minecraft:birch_leaves":1,"treechop:chopped_log":4,"minecraft:gold_block":3,"minecraft:dark_oak_stairs":1,"minecraft:grass":1,"minecraft:coal_ore":32,"minecraft:cyan_carpet":1,"minecraft:smooth_quartz":23,"minecraft:dirt":4,"regions_unexplored:apple_oak_leaves":1,"minecraft:cobweb":11,"minecraft:stone":117}},"DataVersion":3465}