{"stats":{"minecraft:mined":{"minecraft:grass":1,"minecraft:coal_ore":11,"minecraft:coarse_dirt":2,"minecraft:dirt":4,"minecraft:stone":59,"treechop:chopped_log":2,"minecraft:crafting_table":1},"minecraft:crafted":{"minecraft:stone_sword":2,"regions_unexplored:pine_planks":96,"minecraft:torch":12,"minecraft:crafting_table":2,"minecraft:stone_axe":2,"minecraft:stick":16,"minecraft:wooden_pickaxe":2,"minecraft:stone_pickaxe":2},"minecraft:used":{"minecraft:stone_axe":1,"minecraft:dirt":1,"minecraft:crafting_table":2,"minecraft:stone_pickaxe":31,"minecraft:wooden_pickaxe":40,"minecraft:coarse_dirt":1},"minecraft:picked_up":{"minecraft:coarse_dirt":2,"minecraft:stick":2,"regions_unexplored:pine_sapling":4,"regions_unexplored:pine_log":24,"minecraft:coal":9,"minecraft:cobblestone":57,"minecraft:dirt":4,"minecraft:crafting_table":1},"minecraft:custom":{"minecraft:time_since_rest":16456,"enigmaticlegacy:play_time_with_seven_curses":10095,"minecraft:crouch_one_cm":1968,"minecraft:play_time":16456,"minecraft:walk_one_cm":10684,"minecraft:sneak_time":583,"minecraft:jump":10,"minecraft:leave_game":3,"minecraft:time_since_death":16456,"enigmaticlegacy:play_time_without_seven_curses":2504,"minecraft:total_world_time":18789,"minecraft:interact_with_crafting_table":9}},"DataVersion":3465}