{"stats":{"minecraft:killed_by":{"minecraft:skeleton":3},"minecraft:crafted":{"regions_unexplored:pine_planks":96,"sophisticatedbackpacks:backpack":1,"minecraft:crafting_table":2,"minecraft:stick":20,"minecraft:wooden_pickaxe":2,"minecraft:stone_pickaxe":2,"minecraft:chest":1,"minecraft:stone_sword":2,"spartanshields:wooden_basic_shield":1,"spartanshields:stone_basic_shield":1,"minecraft:torch":12,"minecraft:stone_axe":2},"minecraft:mined":{"minecraft:dark_oak_planks":1,"minecraft:coarse_dirt":2,"treechop:chopped_log":4,"minecraft:crafting_table":2,"minecraft:torch":1,"minecraft:grass":1,"minecraft:grass_block":1,"minecraft:coal_ore":32,"minecraft:smooth_quartz":13,"minecraft:dirt":4,"regions_unexplored:apple_oak_leaves":1,"minecraft:cobweb":7,"minecraft:cobblestone":2,"minecraft:stone":117,"minecraft:spawner":2},"minecraft:used":{"tombstone:scroll_of_mercy":1,"regions_unexplored:apple_oak_sapling":1,"minecraft:stone_sword":30,"spartanshields:stone_basic_shield":26,"minecraft:bread":10,"minecraft:stone_pickaxe":128,"minecraft:wooden_pickaxe":40,"tombstone:grave_key":1,"minecraft:stone_axe":37,"minecraft:torch":10,"minecraft:dirt":1,"minecraft:cobblestone":12,"minecraft:crafting_table":4,"minecraft:chainmail_chestplate":1,"tombstone:gift":2,"minecraft:coarse_dirt":1},"minecraft:picked_up":{"minecraft:stick":2,"minecraft:coarse_dirt":2,"minecraft:crafting_table":2,"regions_unexplored:pine_sapling":4,"minecraft:torch":1,"minecraft:chainmail_chestplate":1,"minecraft:string":6,"minecraft:dirt":5,"minecraft:dark_oak_planks":1,"minecraft:arrow":10,"minecraft:bone":7,"minecraft:apple":2,"regions_unexplored:pine_log":24,"minecraft:spruce_wood":125,"minecraft:smooth_quartz":13,"minecraft:coal":42,"regions_unexplored:apple_oak_sapling":1,"minecraft:cobblestone":119},"minecraft:killed":{"minecraft:skeleton":2},"minecraft:custom":{"minecraft:time_since_rest":52,"enigmaticlegacy:play_time_with_seven_curses":31273,"lootr:looted_stat":1,"minecraft:sprint_one_cm":3394,"spartanshields:shield_bash_hits":1,"minecraft:damage_taken":1694,"minecraft:walk_one_cm":65078,"minecraft:damage_blocked_by_shield":800,"minecraft:mob_kills":2,"minecraft:drop":2,"minecraft:damage_dealt":196,"tombstone:cast_on_ally":0,"enigmaticlegacy:play_time_without_seven_curses":2504,"minecraft:fly_one_cm":5187,"minecraft:interact_with_crafting_table":11,"tombstone:undead_killed":2,"minecraft:crouch_one_cm":4522,"minecraft:play_time":37784,"minecraft:deaths":3,"minecraft:sneak_time":1368,"minecraft:damage_dealt_resisted":394,"minecraft:jump":148,"minecraft:leave_game":3,"minecraft:time_since_death":358,"minecraft:total_world_time":40117,"minecraft:fall_one_cm":896},"minecraft:dropped":{"minecraft:dirt":1,"tombstone:grave_dust":1}},"DataVersion":3465}